ID,date,confirmed,deaths,d_confirmed,d_deaths
JP,2020-01-22,2,0,0,0
JP,2020-01-23,2,0,0,0
JP,2020-01-24,2,0,0,0
JP,2020-01-25,2,0,0,0
JP,2020-01-26,4,0,2,0
JP,2020-01-27,4,0,0,0
JP,2020-01-28,7,0,3,0
JP,2020-01-29,7,0,0,0
JP,2020-01-30,11,0,4,0
JP,2020-01-31,15,0,4,0
JP,2020-02-01,20,0,5,0
JP,2020-02-02,20,0,0,0
JP,2020-02-03,20,0,0,0
JP,2020-02-04,22,0,2,0
JP,2020-02-05,23,0,1,0
JP,2020-02-06,23,0,0,0
JP,2020-02-07,23,0,0,0
JP,2020-02-08,24,0,1,0
JP,2020-02-09,24,0,0,0
JP,2020-02-10,26,0,2,0
JP,2020-02-11,27,0,1,0
JP,2020-02-12,28,0,1,0
JP,2020-02-13,33,1,5,1
JP,2020-02-14,43,1,10,0
JP,2020-02-15,54,1,11,0
JP,2020-02-16,60,1,6,0
JP,2020-02-17,67,1,7,0
JP,2020-02-18,79,2,12,1
JP,2020-02-19,85,2,6,0
JP,2020-02-20,95,2,10,0
JP,2020-02-21,112,2,17,0
JP,2020-02-22,137,2,25,0
JP,2020-02-23,149,2,12,0
JP,2020-02-24,160,2,11,0
JP,2020-02-25,173,3,13,1
JP,2020-02-26,192,3,19,0
JP,2020-02-27,218,4,26,1
JP,2020-02-28,236,5,18,1
JP,2020-02-29,245,6,9,1
JP,2020-03-01,259,6,14,0
JP,2020-03-02,278,6,19,0
JP,2020-03-03,298,6,20,0
JP,2020-03-04,333,7,35,1
JP,2020-03-05,365,7,32,0
JP,2020-03-06,420,7,55,0
JP,2020-03-07,466,7,46,0
JP,2020-03-08,499,8,33,1
JP,2020-03-09,527,10,28,2
JP,2020-03-10,585,13,58,3
JP,2020-03-11,640,15,55,2
JP,2020-03-12,696,19,56,4
JP,2020-03-13,733,21,37,2
JP,2020-03-14,795,22,62,1
JP,2020-03-15,826,24,31,2
JP,2020-03-16,843,30,17,6
JP,2020-03-17,893,30,50,0
JP,2020-03-18,928,32,35,2
JP,2020-03-19,968,33,40,1
JP,2020-03-20,1022,34,54,1
JP,2020-03-21,1059,36,37,2
JP,2020-03-22,1104,40,45,4
JP,2020-03-23,1144,41,40,1
JP,2020-03-24,1217,42,73,1
JP,2020-03-25,1314,45,97,3
JP,2020-03-26,1416,47,102,2
JP,2020-03-27,1530,53,114,6
JP,2020-03-28,1728,56,198,3
JP,2020-03-29,1907,63,179,7
JP,2020-03-30,2001,65,94,2
JP,2020-03-31,2255,67,254,2
JP,2020-04-01,2535,72,280,5
JP,2020-04-02,2818,75,283,3
JP,2020-04-03,3154,81,336,6
JP,2020-04-04,3525,87,371,6
JP,2020-04-05,3876,93,351,6
JP,2020-04-06,4110,96,234,3
JP,2020-04-07,4485,98,375,2
JP,2020-04-08,5020,105,535,7
JP,2020-04-09,5614,113,594,8
JP,2020-04-10,6250,125,636,12
JP,2020-04-11,6951,138,701,13
JP,2020-04-12,7473,147,522,9
JP,2020-04-13,7773,156,300,9
JP,2020-04-14,8277,170,504,14
JP,2020-04-15,8835,186,558,16
JP,2020-04-16,9398,204,563,18
JP,2020-04-17,9958,217,560,13
JP,2020-04-18,10548,236,590,19
JP,2020-04-19,10914,255,366,19
JP,2020-04-20,11258,275,344,20
JP,2020-04-21,11641,303,383,28
JP,2020-04-22,12037,323,396,20
JP,2020-04-23,12469,351,432,28
JP,2020-04-24,12854,360,385,9
JP,2020-04-25,13186,379,332,19
JP,2020-04-26,13405,395,219,16
JP,2020-04-27,13576,417,171,22
JP,2020-04-28,13860,436,284,19
JP,2020-04-29,14076,454,216,18
JP,2020-04-30,14284,481,208,27
JP,2020-05-01,14558,510,274,29
JP,2020-05-02,14861,536,303,26
JP,2020-05-03,15061,560,200,24
JP,2020-05-04,15229,582,168,22
JP,2020-05-05,15354,593,125,11
JP,2020-05-06,15455,605,101,12
JP,2020-05-07,15553,617,98,12
JP,2020-05-08,15640,634,87,17
JP,2020-05-09,15755,654,115,20
JP,2020-05-10,15824,666,69,12
JP,2020-05-11,15861,685,37,19
JP,2020-05-12,15948,707,87,22
JP,2020-05-13,15998,726,50,19
JP,2020-05-14,16096,742,98,16
JP,2020-05-15,16148,760,52,18
JP,2020-05-16,16202,778,54,18
JP,2020-05-17,16226,787,24,9
JP,2020-05-18,16259,796,33,9
JP,2020-05-19,16287,805,28,9
JP,2020-05-20,16321,818,34,13
JP,2020-05-21,16362,826,41,8
JP,2020-05-22,16385,836,23,10
JP,2020-05-23,16410,845,25,9
JP,2020-05-24,16451,852,41,7
JP,2020-05-25,16472,857,21,5
JP,2020-05-26,16502,863,30,6
JP,2020-05-27,16528,870,26,7
JP,2020-05-28,16588,884,60,14
JP,2020-05-29,16661,890,73,6
JP,2020-05-30,16706,895,45,5
JP,2020-05-31,16741,898,35,3
JP,2020-06-01,16778,900,37,2
JP,2020-06-02,16829,903,51,3
JP,2020-06-03,16858,908,29,5
JP,2020-06-04,16902,913,44,5
JP,2020-06-05,16949,917,47,4
JP,2020-06-06,16995,919,46,2
JP,2020-06-07,17033,919,38,0
JP,2020-06-08,17054,922,21,3
JP,2020-06-09,17099,923,45,1
JP,2020-06-10,17135,925,36,2
JP,2020-06-11,17179,925,44,0
JP,2020-06-12,17240,929,61,4
JP,2020-06-13,17285,931,45,2
JP,2020-06-14,17360,931,75,0
JP,2020-06-15,17432,933,72,2
JP,2020-06-16,17474,938,42,5
JP,2020-06-17,17520,939,46,1
JP,2020-06-18,17589,940,69,1
JP,2020-06-19,17650,959,61,19
JP,2020-06-20,17714,959,64,0
JP,2020-06-21,17769,960,55,1
JP,2020-06-22,17812,961,43,1
JP,2020-06-23,17869,965,57,4
JP,2020-06-24,17965,969,96,4
JP,2020-06-25,18047,971,82,2
JP,2020-06-26,18152,971,105,0
JP,2020-06-27,18244,972,92,1
JP,2020-06-28,18357,972,113,0
JP,2020-06-29,18467,974,110,2
JP,2020-06-30,18605,974,138,0
JP,2020-07-01,18732,976,127,2
JP,2020-07-02,18926,977,194,1
JP,2020-07-03,19176,977,250,0
JP,2020-07-04,19450,977,274,0
JP,2020-07-05,19658,977,208,0
JP,2020-07-06,19834,978,176,1
JP,2020-07-07,20042,980,208,2
JP,2020-07-08,20249,982,207,2
JP,2020-07-09,20604,982,355,0
JP,2020-07-10,21034,982,430,0
JP,2020-07-11,21420,983,386,1
JP,2020-07-12,21827,983,407,0
JP,2020-07-13,22086,984,259,1
JP,2020-07-14,22419,984,333,0
JP,2020-07-15,22869,985,450,1
JP,2020-07-16,23493,985,624,0
JP,2020-07-17,24090,985,597,0
JP,2020-07-18,24751,986,661,1
JP,2020-07-19,25262,986,511,0
JP,2020-07-20,25680,988,418,2
JP,2020-07-21,26312,989,632,1
JP,2020-07-22,27107,990,795,1
JP,2020-07-23,28088,992,981,2
JP,2020-07-24,28867,995,779,3
JP,2020-07-25,29668,998,801,3
JP,2020-07-26,30507,998,839,0
JP,2020-07-27,31107,999,600,1
JP,2020-07-28,32092,1002,985,3
JP,2020-07-29,33362,1006,1270,4
JP,2020-07-30,34670,1007,1308,1
JP,2020-07-31,36256,1013,1586,6
JP,2020-08-01,37790,1013,1534,0
JP,2020-08-02,39121,1013,1331,0
JP,2020-08-03,40086,1018,965,5
JP,2020-08-04,41332,1023,1246,5
JP,2020-08-05,42687,1030,1355,7
JP,2020-08-06,44172,1036,1485,6
JP,2020-08-07,45777,1043,1605,7
JP,2020-08-08,47348,1044,1571,1
JP,2020-08-09,48789,1049,1441,5
JP,2020-08-10,49627,1054,838,5
JP,2020-08-11,50324,1061,697,7
JP,2020-08-12,51303,1066,979,5
JP,2020-08-13,52475,1077,1172,11
JP,2020-08-14,53831,1086,1356,9
JP,2020-08-15,55062,1093,1231,7
JP,2020-08-16,56079,1104,1017,11
JP,2020-08-17,56726,1119,647,15
JP,2020-08-18,57642,1135,916,16
JP,2020-08-19,58712,1149,1070,14
JP,2020-08-20,59890,1160,1178,11
JP,2020-08-21,60927,1175,1037,15
JP,2020-08-22,61911,1181,984,6
JP,2020-08-23,62655,1190,744,9
JP,2020-08-24,63148,1203,493,13
JP,2020-08-25,63863,1217,715,14
JP,2020-08-26,64766,1230,903,13
JP,2020-08-27,65629,1241,863,11
JP,2020-08-28,66505,1261,876,20
JP,2020-08-29,67349,1272,844,11
JP,2020-08-30,67949,1286,600,14
JP,2020-08-31,68385,1300,436,14
JP,2020-09-01,69018,1314,633,14
JP,2020-09-02,69610,1327,592,13
JP,2020-09-03,70267,1335,657,8
JP,2020-09-04,70854,1352,587,17
JP,2020-09-05,71452,1361,598,9
JP,2020-09-06,71903,1369,451,8
JP,2020-09-07,72194,1380,291,11
JP,2020-09-08,72703,1398,509,18
JP,2020-09-09,73211,1412,508,14
JP,2020-09-10,73923,1419,712,7
JP,2020-09-11,74565,1428,642,9
JP,2020-09-12,75211,1441,646,13
JP,2020-09-13,75650,1447,439,6
JP,2020-09-14,75916,1454,266,7
JP,2020-09-15,76447,1467,531,13
JP,2020-09-16,76998,1480,551,13
JP,2020-09-17,77487,1489,489,9
JP,2020-09-18,78059,1499,572,10
JP,2020-09-19,78655,1503,596,4
JP,2020-09-20,79135,1507,480,4
JP,2020-09-21,79445,1514,310,7
JP,2020-09-22,79776,1519,331,5
JP,2020-09-23,79995,1525,219,6
JP,2020-09-24,80477,1537,482,12
JP,2020-09-25,81050,1544,573,7
JP,2020-09-26,81689,1547,639,3
JP,2020-09-27,82174,1550,485,3
JP,2020-09-28,82476,1561,302,11
JP,2020-09-29,83003,1568,527,7
JP,2020-09-30,83579,1575,576,7
JP,2020-10-01,84212,1583,633,8
JP,2020-10-02,84754,1593,542,10
JP,2020-10-03,85328,1599,574,6
JP,2020-10-04,85728,1600,400,1
JP,2020-10-05,86007,1604,279,4
JP,2020-10-06,86507,1611,500,7
JP,2020-10-07,87013,1616,506,5
JP,2020-10-08,87640,1619,627,3
JP,2020-10-09,88243,1625,603,6
JP,2020-10-10,88921,1628,678,3
JP,2020-10-11,89357,1630,436,2
JP,2020-10-12,89635,1634,278,4
JP,2020-10-13,90133,1638,498,4
JP,2020-10-14,90685,1647,552,9
JP,2020-10-15,91393,1650,708,3
JP,2020-10-16,92032,1665,639,15
JP,2020-10-17,92655,1671,623,6
JP,2020-10-18,93085,1675,430,4
JP,2020-10-19,93401,1677,316,2
JP,2020-10-20,93882,1680,481,3
JP,2020-10-21,94497,1687,615,7
JP,2020-10-22,95113,1698,616,11
JP,2020-10-23,95858,1710,745,12
JP,2020-10-24,96584,1714,726,4
JP,2020-10-25,97077,1720,493,6
JP,2020-10-26,97487,1728,410,8
JP,2020-10-27,98133,1733,646,5
JP,2020-10-28,98864,1738,731,5
JP,2020-10-29,99672,1748,808,10
JP,2020-10-30,100446,1756,774,8
JP,2020-10-31,101323,1770,877,14
JP,2020-11-01,101936,1776,613,6
JP,2020-11-02,102423,1788,487,12
JP,2020-11-03,103288,1795,865,7
JP,2020-11-04,103912,1799,624,4
JP,2020-11-05,104960,1808,1048,9
JP,2020-11-06,106103,1812,1143,4
JP,2020-11-07,107436,1817,1333,5
JP,2020-11-08,108386,1824,950,7
JP,2020-11-09,109166,1836,780,12
JP,2020-11-10,110449,1851,1283,15
JP,2020-11-11,111993,1863,1544,12
JP,2020-11-12,113652,1873,1659,10
JP,2020-11-13,115356,1885,1704,12
JP,2020-11-14,117091,1888,1735,3
JP,2020-11-15,118530,1895,1439,7
JP,2020-11-16,119480,1906,950,11
JP,2020-11-17,121180,1920,1700,14
JP,2020-11-18,123374,1934,2194,14
JP,2020-11-19,125759,1955,2385,21
JP,2020-11-20,128180,1969,2421,14
JP,2020-11-21,130772,1981,2592,12
JP,2020-11-22,132931,1988,2159,7
JP,2020-11-23,134449,1996,1518,8
JP,2020-11-24,135678,2015,1229,19
JP,2020-11-25,137620,2036,1942,21
JP,2020-11-26,140120,2065,2500,29
JP,2020-11-27,142651,2096,2531,31
JP,2020-11-28,145326,2110,2675,14
JP,2020-11-29,147388,2126,2062,16
JP,2020-11-30,148824,2152,1436,26
JP,2020-12-01,150857,2193,2033,41
JP,2020-12-02,153289,2225,2432,32
JP,2020-12-03,155806,2261,2517,36
JP,2020-12-04,158258,2306,2452,45
JP,2020-12-05,160766,2328,2508,22
JP,2020-12-06,162804,2359,2038,31
JP,2020-12-07,164335,2398,1531,39
JP,2020-12-08,166511,2445,2176,47
JP,2020-12-09,169321,2487,2810,42
JP,2020-12-10,172290,2513,2969,26
JP,2020-12-11,175085,2554,2795,41
JP,2020-12-12,178122,2582,3037,28
JP,2020-12-13,180505,2602,2383,20
JP,2020-12-14,182186,2649,1681,47
JP,2020-12-15,184612,2702,2426,53
JP,2020-12-16,187608,2755,2996,53
JP,2020-12-17,190817,2793,3209,38
JP,2020-12-18,193654,2841,2837,48
JP,2020-12-19,196643,2881,2989,40
JP,2020-12-20,199134,2917,2491,36
JP,2020-12-21,200945,2965,1811,48
JP,2020-12-22,203639,3013,2694,48
JP,2020-12-23,206915,3069,3276,56
JP,2020-12-24,210661,3123,3746,54
JP,2020-12-25,214493,3187,3832,64
JP,2020-12-26,218378,3234,3885,47
JP,2020-12-27,221322,3274,2944,40
JP,2020-12-28,223719,3325,2397,51
JP,2020-12-29,227346,3384,3627,59
JP,2020-12-30,231217,3443,3871,59
JP,2020-12-31,235749,3492,4532,49
JP,2021-01-01,239005,3541,3256,49
JP,2021-01-02,242076,3572,3071,31
JP,2021-01-03,245242,3632,3166,60
JP,2021-01-04,248585,3680,3343,48
JP,2021-01-05,253534,3756,4949,76
JP,2021-01-06,259583,3821,6049,65
JP,2021-01-07,267225,3885,7642,64
JP,2021-01-08,275182,3963,7957,78
JP,2021-01-09,283036,4022,7854,59
JP,2021-01-10,289144,4067,6108,45
JP,2021-01-11,294050,4115,4906,48
JP,2021-01-12,298647,4179,4597,64
JP,2021-01-13,304564,4276,5917,97
JP,2021-01-14,311220,4342,6656,66
JP,2021-01-15,318393,4420,7173,78
JP,2021-01-16,325435,4476,7042,56
JP,2021-01-17,331195,4525,5760,49
JP,2021-01-18,336132,4583,4937,58
JP,2021-01-19,341467,4687,5335,104
JP,2021-01-20,347029,4779,5562,92
JP,2021-01-21,352693,4873,5664,94
JP,2021-01-22,357750,4981,5057,108
JP,2021-01-23,362476,5064,4726,83
JP,2021-01-24,366466,5120,3990,56
JP,2021-01-25,369229,5194,2763,74
JP,2021-01-26,373082,5298,3853,104
JP,2021-01-27,377056,5388,3974,90
JP,2021-01-28,381187,5501,4131,113
JP,2021-01-29,384725,5597,3538,96
JP,2021-01-30,388067,5688,3342,91
JP,2021-01-31,390740,5753,2673,65
JP,2021-02-01,392533,5833,1793,80
JP,2021-02-02,394857,5952,2324,119
JP,2021-02-03,397491,6072,2634,120
JP,2021-02-04,400069,6176,2578,104
JP,2021-02-05,402439,6282,2370,106
JP,2021-02-06,404716,6376,2277,94
JP,2021-02-07,406346,6428,1630,52
JP,2021-02-08,407563,6511,1217,83
JP,2021-02-09,409131,6605,1568,94
JP,2021-02-10,411017,6726,1886,121
JP,2021-02-11,412707,6804,1690,78
JP,2021-02-12,414007,6867,1300,63
JP,2021-02-13,415367,6932,1360,65
JP,2021-02-14,416729,6970,1362,38
JP,2021-02-15,417694,7043,965,73
JP,2021-02-16,419002,7144,1308,101
JP,2021-02-17,420450,7223,1448,79
JP,2021-02-18,421986,7299,1536,76
JP,2021-02-19,423287,7365,1301,66
JP,2021-02-20,424520,7443,1233,78
JP,2021-02-21,425552,7493,1032,50
JP,2021-02-22,426292,7549,740,56
JP,2021-02-23,427373,7603,1081,54
JP,2021-02-24,428294,7672,921,69
JP,2021-02-25,429370,7746,1076,74
JP,2021-02-26,430424,7826,1054,80
JP,2021-02-27,431637,7867,1213,41
JP,2021-02-28,432636,7897,999,30
JP,2021-03-01,433334,7948,698,51
JP,2021-03-02,434222,8013,888,65
JP,2021-03-03,435465,8076,1243,63
JP,2021-03-04,436634,8143,1169,67
JP,2021-03-05,437782,8198,1148,55
JP,2021-03-06,438825,8238,1043,40
JP,2021-03-07,439896,8262,1071,24
JP,2021-03-08,440496,8307,600,45
JP,2021-03-09,441623,8365,1127,58
JP,2021-03-10,442936,8419,1313,54
JP,2021-03-11,444253,8464,1317,45
JP,2021-03-12,445524,8522,1271,58
JP,2021-03-13,446843,8573,1319,51
JP,2021-03-14,447830,8595,987,22
JP,2021-03-15,448525,8633,695,38
JP,2021-03-16,449658,8690,1133,57
JP,2021-03-17,451191,8733,1533,43
JP,2021-03-18,452688,8765,1497,32
JP,2021-03-19,454151,8798,1463,33
JP,2021-03-20,455667,8817,1516,19
JP,2021-03-21,456785,8837,1118,20
JP,2021-03-22,457601,8870,816,33
JP,2021-03-23,459101,8923,1500,53
JP,2021-03-24,461018,8944,1917,21
JP,2021-03-25,462933,8971,1915,27
JP,2021-03-26,464958,9004,2025,33
JP,2021-03-27,467029,9036,2071,32
JP,2021-03-28,468811,9065,1782,29
JP,2021-03-29,470156,9094,1345,29
JP,2021-03-30,472243,9127,2087,33
JP,2021-03-31,475086,9176,2843,49
JP,2021-04-01,477691,9194,2605,18
JP,2021-04-02,480445,9216,2754,22
JP,2021-04-03,483217,9224,2772,8
JP,2021-04-04,485684,9236,2467,12
JP,2021-04-05,487255,9255,1571,19
JP,2021-04-06,489921,9283,2666,28
JP,2021-04-07,493369,9313,3448,30
JP,2021-04-08,496865,9338,3496,25
JP,2021-04-09,500353,9365,3488,27
JP,2021-04-10,504118,9392,3765,27
JP,2021-04-11,506954,9409,2836,17
JP,2021-04-12,509058,9433,2104,24
JP,2021-04-13,512510,9477,3452,44
JP,2021-04-14,516817,9511,4307,34
JP,2021-04-15,521386,9546,4569,35
JP,2021-04-16,525910,9592,4524,46
JP,2021-04-17,530703,9633,4793,41
JP,2021-04-18,534787,9649,4084,16
JP,2021-04-19,537690,9679,2903,30
JP,2021-04-20,542040,9724,4350,45
JP,2021-04-21,547326,9774,5286,50
JP,2021-04-22,552818,9816,5492,42
JP,2021-04-23,557922,9872,5104,56
JP,2021-04-24,563517,9926,5595,54
JP,2021-04-25,568116,9977,4599,51
JP,2021-04-26,571430,10012,3314,35
JP,2021-04-27,576391,10075,4961,63
JP,2021-04-28,582174,10126,5783,51
JP,2021-04-29,588087,10204,5913,78
JP,2021-04-30,592771,10243,4684,39
JP,2021-05-01,598754,10326,5983,83
JP,2021-05-02,604644,10387,5890,61
JP,2021-05-03,609108,10436,4464,49
JP,2021-05-04,613298,10486,4190,50
JP,2021-05-05,617358,10546,4060,60
JP,2021-05-06,621728,10611,4370,65
JP,2021-05-07,627778,10759,6050,148
JP,2021-05-08,635016,10845,7238,86
JP,2021-05-09,641500,10910,6484,65
JP,2021-05-10,646440,10981,4940,71
JP,2021-05-11,652675,11094,6235,113
JP,2021-05-12,659726,11200,7051,106
JP,2021-05-13,666600,11301,6874,101
JP,2021-05-14,672862,11382,6262,81
JP,2021-05-15,679279,11476,6417,94
JP,2021-05-16,684535,11523,5256,47
JP,2021-05-17,688212,11645,3677,122
JP,2021-05-18,693436,11861,5224,216
JP,2021-05-19,699227,11958,5791,97
JP,2021-05-20,704939,12063,5712,105
JP,2021-05-21,710184,12175,5245,112
JP,2021-05-22,715219,12258,5035,83
JP,2021-05-23,719258,12320,4039,62
JP,2021-05-24,721969,12405,2711,85
JP,2021-05-25,725861,12509,3892,104
JP,2021-05-26,730394,12625,4533,116
JP,2021-05-27,734526,12744,4132,119
JP,2021-05-28,738229,12839,3703,95
JP,2021-05-29,741822,12930,3593,91
JP,2021-05-30,744696,12979,2874,49
JP,2021-05-31,746487,13059,1791,80
JP,2021-06-01,749126,13160,2639,101
JP,2021-06-02,752160,13273,3034,113
JP,2021-06-03,754991,13384,2831,111
JP,2021-06-04,757583,13470,2592,86
JP,2021-06-05,760233,13534,2650,64
JP,2021-06-06,762253,13584,2020,50
JP,2021-06-07,763533,13659,1280,75
JP,2021-06-08,765414,13758,1881,99
JP,2021-06-09,767652,13854,2238,96
JP,2021-06-10,769694,13925,2042,71
JP,2021-06-11,771628,13988,1934,63
JP,2021-06-12,773569,14043,1941,55
JP,2021-06-13,774951,14075,1382,32
JP,2021-06-14,775884,14135,933,60
JP,2021-06-15,777301,14202,1417,67
JP,2021-06-16,779008,14282,1707,80
JP,2021-06-17,780558,14329,1550,47
JP,2021-06-18,782178,14377,1620,48
JP,2021-06-19,783696,14405,1518,28
JP,2021-06-20,785002,14425,1306,20
JP,2021-06-21,785870,14460,868,35
JP,2021-06-22,787305,14504,1435,44
JP,2021-06-23,789085,14562,1780,58
JP,2021-06-24,790759,14604,1674,42
JP,2021-06-25,792469,14635,1710,31
JP,2021-06-26,794100,14664,1631,29
JP,2021-06-27,795382,14674,1282,10
JP,2021-06-28,796383,14712,1001,38
JP,2021-06-29,797763,14742,1380,30
JP,2021-06-30,799583,14783,1820,41
JP,2021-07-01,801337,14807,1754,24
JP,2021-07-02,803112,14832,1775,25
JP,2021-07-03,804990,14841,1878,9
JP,2021-07-04,806475,14847,1485,6
JP,2021-07-05,807504,14866,1029,19
JP,2021-07-06,809172,14888,1668,22
JP,2021-07-07,811361,14902,2189,14
JP,2021-07-08,813607,14919,2246,17
JP,2021-07-09,815883,14939,2276,20
JP,2021-07-10,818341,14950,2458,11
JP,2021-07-11,820371,14956,2030,6
JP,2021-07-12,821876,14959,1505,3
JP,2021-07-13,824260,14977,2384,18
JP,2021-07-14,827452,14997,3192,20
JP,2021-07-15,830870,15019,3418,22
JP,2021-07-16,834303,15029,3433,10
JP,2021-07-17,838189,15045,3886,16
JP,2021-07-18,841290,15049,3101,4
JP,2021-07-19,843618,15061,2328,12
JP,2021-07-20,847377,15081,3759,20
JP,2021-07-21,852326,15101,4949,20
JP,2021-07-22,857725,15107,5399,6
JP,2021-07-23,861959,15115,4234,8
JP,2021-07-24,865553,15123,3594,8
JP,2021-07-25,870592,15127,5039,4
JP,2021-07-26,875301,15139,4709,12
JP,2021-07-27,882971,15151,7670,12
JP,2021-07-28,892599,15159,9628,8
JP,2021-07-29,903351,15173,10752,14
JP,2021-07-30,914182,15182,10831,9
JP,2021-07-31,926604,15191,12422,9
JP,2021-08-01,936852,15196,10248,5
JP,2021-08-02,945330,15207,8478,11
JP,2021-08-03,957431,15217,12101,10
JP,2021-08-04,971743,15231,14312,14
JP,2021-08-05,987060,15239,15317,8
JP,2021-08-06,1002867,15259,15807,20
JP,2021-08-07,1018688,15273,15821,14
JP,2021-08-08,1033214,15282,14526,9
JP,2021-08-09,1045392,15294,12178,12
JP,2021-08-10,1056125,15313,10733,19
JP,2021-08-11,1072153,15333,16028,20
JP,2021-08-12,1091187,15357,19034,24
JP,2021-08-13,1111683,15382,20496,25
JP,2021-08-14,1131986,15400,20303,18
JP,2021-08-15,1149874,15410,17888,10
JP,2021-08-16,1164881,15437,15007,27
JP,2021-08-17,1184986,15484,20105,47
JP,2021-08-18,1209082,15514,24096,30
JP,2021-08-19,1234423,15542,25341,28
JP,2021-08-20,1260415,15578,25992,36
JP,2021-08-21,1286077,15612,25662,34
JP,2021-08-22,1308422,15636,22345,24
JP,2021-08-23,1325346,15668,16924,32
JP,2021-08-24,1347015,15710,21669,42
JP,2021-08-25,1371426,15755,24411,45
JP,2021-08-26,1396464,15807,25038,52
JP,2021-08-27,1420783,15864,24319,57
JP,2021-08-28,1443642,15906,22859,42
JP,2021-08-29,1462979,15955,19337,49
JP,2021-08-30,1476653,16001,13674,46
JP,2021-08-31,1494372,16065,17719,64
JP,2021-09-01,1514400,16136,20028,71
JP,2021-09-02,1532616,16201,18216,65
JP,2021-09-03,1549337,16265,16721,64
JP,2021-09-04,1565351,16325,16014,60
JP,2021-09-05,1578258,16356,12907,31
JP,2021-09-06,1586482,16396,8224,40
JP,2021-09-07,1597089,16458,10607,62
JP,2021-09-08,1609477,16547,12388,89
JP,2021-09-09,1619873,16635,10396,88
JP,2021-09-10,1628732,16703,8859,68
JP,2021-09-11,1637534,16759,8802,56
JP,2021-09-12,1644747,16800,7213,41
JP,2021-09-13,1648920,16849,4173,49
JP,2021-09-14,1655199,16904,6279,55
JP,2021-09-15,1662008,16978,6809,74
JP,2021-09-16,1667699,17041,5691,63
JP,2021-09-17,1672812,17105,5113,64
JP,2021-09-18,1677512,17168,4700,63
JP,2021-09-19,1680908,17209,3396,41
JP,2021-09-20,1683129,17232,2221,23
JP,2021-09-21,1684899,17279,1770,47
JP,2021-09-22,1688142,17333,3243,54
JP,2021-09-23,1691743,17382,3601,49
JP,2021-09-24,1693838,17427,2095,45
JP,2021-09-25,1696508,17460,2670,33
JP,2021-09-26,1698644,17481,2136,21
JP,2021-09-27,1699792,17509,1148,28
JP,2021-09-28,1701514,17559,1722,50
JP,2021-09-29,1703497,17607,1983,48
JP,2021-09-30,1705072,17649,1575,42
JP,2021-10-01,1706516,17683,1444,34
JP,2021-10-02,1707759,17715,1243,32
JP,2021-10-03,1708726,17732,967,17
JP,2021-10-04,1709325,17756,599,24
JP,2021-10-05,1710304,17792,979,36
JP,2021-10-06,1711429,17818,1125,26
JP,2021-10-07,1712401,17857,972,39
JP,2021-10-08,1713228,17903,827,46
JP,2021-10-09,1714002,17927,774,24
JP,2021-10-10,1714555,17937,553,10
JP,2021-10-11,1714924,17957,369,20
JP,2021-10-12,1715531,17986,607,29
JP,2021-10-13,1716262,18019,731,33
JP,2021-10-14,1716879,18052,617,33
JP,2021-10-15,1717396,18075,517,23
JP,2021-10-16,1717896,18088,500,13
JP,2021-10-17,1718324,18101,428,13
JP,2021-10-18,1718554,18118,230,17
JP,2021-10-19,1718925,18145,371,27
JP,2021-10-20,1719313,18155,388,10
JP,2021-10-21,1719656,18171,343,16
JP,2021-10-22,1719980,18183,324,12
JP,2021-10-23,1720263,18188,283,5
JP,2021-10-24,1720495,18196,232,8
JP,2021-10-25,1720646,18203,151,7
JP,2021-10-26,1720956,18218,310,15
JP,2021-10-27,1721266,18225,310,7
JP,2021-10-28,1721539,18234,273,9
JP,2021-10-29,1721831,18250,292,16
JP,2021-10-30,1722115,18257,284,7
JP,2021-10-31,1722343,18264,228,7
JP,2021-11-01,1722427,18271,84,7
JP,2021-11-02,1722648,18278,221,7
JP,2021-11-03,1722912,18286,264,8
JP,2021-11-04,1723070,18292,158,6
JP,2021-11-05,1723295,18304,225,12
JP,2021-11-06,1723525,18306,230,2
JP,2021-11-07,1723682,18306,157,0
JP,2021-11-08,1723782,18309,100,3
JP,2021-11-09,1723976,18312,194,3
JP,2021-11-10,1724172,18315,196,3
JP,2021-11-11,1724379,18319,207,4
JP,2021-11-12,1724573,18320,194,1
JP,2021-11-13,1724767,18321,194,1
JP,2021-11-14,1724893,18323,126,2
JP,2021-11-15,1724967,18324,74,1
JP,2021-11-16,1725111,18328,144,4
JP,2021-11-17,1725310,18333,199,5
JP,2021-11-18,1725458,18338,148,5
JP,2021-11-19,1725611,18338,153,0
JP,2021-11-20,1725715,18343,104,5
JP,2021-11-21,1725850,18343,135,0
JP,2021-11-22,1725894,18345,44,2
JP,2021-11-23,1726001,18347,107,2
JP,2021-11-24,1726074,18349,73,2
JP,2021-11-25,1726186,18351,112,2
JP,2021-11-26,1726299,18353,113,2
JP,2021-11-27,1726419,18354,120,1
JP,2021-11-28,1726479,18354,60,0
JP,2021-11-29,1726555,18355,76,1
JP,2021-11-30,1726636,18357,81,2
JP,2021-12-01,1726751,18358,115,1
JP,2021-12-02,1726864,18359,113,1
JP,2021-12-03,1727005,18360,141,1
JP,2021-12-04,1727125,18360,120,0
JP,2021-12-05,1727229,18360,104,0
JP,2021-12-06,1727283,18361,54,1
JP,2021-12-07,1727382,18363,99,2
JP,2021-12-08,1727504,18366,122,3
JP,2021-12-09,1727658,18367,154,1
JP,2021-12-10,1727794,18368,136,1
JP,2021-12-11,1727925,18369,131,1
JP,2021-12-12,1728023,18369,98,0
JP,2021-12-13,1728090,18370,67,1
JP,2021-12-14,1728218,18371,128,1
JP,2021-12-15,1728377,18372,159,1
JP,2021-12-16,1728540,18375,163,3
JP,2021-12-17,1728701,18375,161,0
JP,2021-12-18,1728880,18375,179,0
JP,2021-12-19,1729030,18375,150,0
JP,2021-12-20,1729139,18376,109,1
JP,2021-12-21,1729357,18378,218,2
JP,2021-12-22,1729577,18380,220,2
JP,2021-12-23,1729824,18382,247,2
JP,2021-12-24,1730084,18382,260,0
JP,2021-12-25,1730347,18383,263,1
JP,2021-12-26,1730572,18383,225,0
JP,2021-12-27,1730735,18383,163,0
JP,2021-12-28,1731048,18385,313,2
JP,2021-12-29,1731446,18389,398,4
JP,2021-12-30,1731878,18389,432,0
JP,2021-12-31,1732296,18389,418,0
JP,2022-01-01,1732752,18389,456,0
JP,2022-01-02,1733229,18391,477,2
JP,2022-01-03,1733901,18392,672,1
JP,2022-01-04,1735050,18393,1149,1
JP,2022-01-05,1737540,18394,2490,1
JP,2022-01-06,1741837,18395,4297,1
JP,2022-01-07,1747907,18396,6070,1
JP,2022-01-08,1756209,18398,8302,2
JP,2022-01-09,1764280,18399,8071,1
JP,2022-01-10,1770545,18401,6265,2
JP,2022-01-11,1776780,18403,6235,2
JP,2022-01-12,1789824,18408,13044,5
JP,2022-01-13,1808501,18412,18677,4
JP,2022-01-14,1830381,18423,21880,11
JP,2022-01-15,1856002,18429,25621,6
JP,2022-01-16,1881481,18429,25479,0
JP,2022-01-17,1902304,18433,20823,4
JP,2022-01-18,1934391,18443,32087,10
JP,2022-01-19,1975761,18458,41370,15
JP,2022-01-20,2021758,18467,45997,9
JP,2022-01-21,2071471,18476,49713,9
JP,2022-01-22,2125882,18493,54411,17
JP,2022-01-23,2175719,18507,49837,14
JP,2022-01-24,2220382,18524,44663,17
JP,2022-01-25,2282871,18567,62489,43
JP,2022-01-26,2354358,18601,71487,34
JP,2022-01-27,2433094,18648,78736,47
JP,2022-01-28,2514804,18692,81710,44
JP,2022-01-29,2599599,18734,84795,42
JP,2022-01-30,2677602,18764,78003,30
JP,2022-01-31,2738460,18812,60858,48
JP,2022-02-01,2820053,18882,81593,70
JP,2022-02-02,2914824,18964,94771,82
JP,2022-02-03,3019169,19054,104345,90
JP,2022-02-04,3117346,19157,98177,103
JP,2022-02-05,3219621,19273,102275,116
JP,2022-02-06,3309439,19341,89818,68
JP,2022-02-07,3377378,19454,67939,113
JP,2022-02-08,3478462,19613,101084,159
JP,2022-02-09,3576261,19775,97799,162
JP,2022-02-10,3675865,19939,99604,164
JP,2022-02-11,3774164,20089,98299,150
JP,2022-02-12,3842551,20234,68387,145
JP,2022-02-13,3919931,20371,77380,137
JP,2022-02-14,3979984,20520,60053,149
JP,2022-02-15,4064142,20756,84158,236
JP,2022-02-16,4155027,20986,90885,230
JP,2022-02-17,4250142,21257,95115,271
JP,2022-02-18,4337780,21467,87638,210
JP,2022-02-19,4419254,21685,81474,218
JP,2022-02-20,4490748,21844,71494,159
JP,2022-02-21,4542657,22017,51909,173
JP,2022-02-22,4612104,22339,69447,322
JP,2022-02-23,4692406,22585,80302,246
JP,2022-02-24,4753558,22791,61152,206
JP,2022-02-25,4819151,23069,65593,278
JP,2022-02-26,4891242,23325,72091,256
JP,2022-02-27,4954865,23469,63623,144
JP,2022-02-28,5005881,23667,51016,198
JP,2022-03-01,5071249,23905,65368,238
US,2020-01-22,1,0,0,0
US,2020-01-23,1,0,0,0
US,2020-01-24,2,0,1,0
US,2020-01-25,2,0,0,0
US,2020-01-26,5,0,3,0
US,2020-01-27,5,0,0,0
US,2020-01-28,5,0,0,0
US,2020-01-29,6,0,1,0
US,2020-01-30,6,0,0,0
US,2020-01-31,8,0,2,0
US,2020-02-01,8,0,0,0
US,2020-02-02,8,0,0,0
US,2020-02-03,11,0,3,0
US,2020-02-04,11,0,0,0
US,2020-02-05,11,0,0,0
US,2020-02-06,12,0,1,0
US,2020-02-07,12,0,0,0
US,2020-02-08,12,0,0,0
US,2020-02-09,12,0,0,0
US,2020-02-10,12,0,0,0
US,2020-02-11,13,0,1,0
US,2020-02-12,13,0,0,0
US,2020-02-13,14,0,1,0
US,2020-02-14,14,0,0,0
US,2020-02-15,14,0,0,0
US,2020-02-16,14,0,0,0
US,2020-02-17,14,0,0,0
US,2020-02-18,14,0,0,0
US,2020-02-19,14,0,0,0
US,2020-02-20,14,0,0,0
US,2020-02-21,16,0,2,0
US,2020-02-22,16,0,0,0
US,2020-02-23,16,0,0,0
US,2020-02-24,16,0,0,0
US,2020-02-25,16,0,0,0
US,2020-02-26,16,0,0,0
US,2020-02-27,17,0,1,0
US,2020-02-28,17,0,0,0
US,2020-02-29,25,1,8,1
US,2020-03-01,32,1,7,0
US,2020-03-02,55,6,23,5
US,2020-03-03,74,7,19,1
US,2020-03-04,107,11,33,4
US,2020-03-05,184,12,77,1
US,2020-03-06,237,14,53,2
US,2020-03-07,403,17,166,3
US,2020-03-08,519,21,116,4
US,2020-03-09,594,22,75,1
US,2020-03-10,782,28,188,6
US,2020-03-11,1147,33,365,5
US,2020-03-12,1586,43,439,10
US,2020-03-13,2219,51,633,8
US,2020-03-14,2978,58,759,7
US,2020-03-15,3212,70,234,12
US,2020-03-16,4679,97,1467,27
US,2020-03-17,6512,134,1833,37
US,2020-03-18,9169,194,2657,60
US,2020-03-19,13663,266,4494,72
US,2020-03-20,20030,372,6367,106
US,2020-03-21,26025,475,5995,103
US,2020-03-22,34944,603,8919,128
US,2020-03-23,46096,790,11152,187
US,2020-03-24,56714,1033,10618,243
US,2020-03-25,68841,1366,12127,333
US,2020-03-26,86662,1783,17821,417
US,2020-03-27,105253,2305,18591,522
US,2020-03-28,127417,3018,22164,713
US,2020-03-29,143544,3573,16127,555
US,2020-03-30,165698,4280,22154,707
US,2020-03-31,192079,5359,26381,1079
US,2020-04-01,223542,6635,31463,1276
US,2020-04-02,255631,8146,32089,1511
US,2020-04-03,287835,9566,32204,1420
US,2020-04-04,319726,11172,31891,1606
US,2020-04-05,348968,12790,29242,1618
US,2020-04-06,380697,14523,31729,1733
US,2020-04-07,410762,17099,30065,2576
US,2020-04-08,441840,19250,31078,2151
US,2020-04-09,477451,21463,35611,2213
US,2020-04-10,511790,23649,34339,2186
US,2020-04-11,540663,25790,28873,2141
US,2020-04-12,567114,27679,26451,1889
US,2020-04-13,594156,29657,27042,1978
US,2020-04-14,622506,32132,28350,2475
US,2020-04-15,648136,34719,25630,2587
US,2020-04-16,677805,36908,29669,2189
US,2020-04-17,710599,39007,32794,2099
US,2020-04-18,738160,40951,27561,1944
US,2020-04-19,763801,42934,25641,1983
US,2020-04-20,793827,45179,30026,2245
US,2020-04-21,819754,47662,25927,2483
US,2020-04-22,849139,50119,29385,2457
US,2020-04-23,881516,52543,32377,2424
US,2020-04-24,913458,54712,31942,2169
US,2020-04-25,944523,56444,31065,1732
US,2020-04-26,970663,57850,26140,1406
US,2020-04-27,995292,59330,24629,1480
US,2020-04-28,1019733,61571,24441,2241
US,2020-04-29,1046339,63962,26606,2391
US,2020-04-30,1075402,66154,29063,2192
US,2020-05-01,1110675,68063,35273,1909
US,2020-05-02,1137980,69804,27305,1741
US,2020-05-03,1161863,71007,23883,1203
US,2020-05-04,1185743,72365,23880,1358
US,2020-05-05,1209676,74586,23933,2221
US,2020-05-06,1234155,76905,24479,2319
US,2020-05-07,1261655,78822,27500,1917
US,2020-05-08,1289002,80594,27347,1772
US,2020-05-09,1313552,82058,24550,1464
US,2020-05-10,1332269,83059,18717,1001
US,2020-05-11,1351328,84093,19059,1034
US,2020-05-12,1374559,85684,23231,1591
US,2020-05-13,1394522,87416,19963,1732
US,2020-05-14,1420494,89197,25972,1781
US,2020-05-15,1445375,90862,24881,1665
US,2020-05-16,1469504,92060,24129,1198
US,2020-05-17,1487878,92891,18374,831
US,2020-05-18,1510468,94110,22590,1219
US,2020-05-19,1531019,95555,20551,1445
US,2020-05-20,1553588,97052,22569,1497
US,2020-05-21,1578969,98246,25381,1194
US,2020-05-22,1602883,99450,23914,1204
US,2020-05-23,1623039,100524,20156,1074
US,2020-05-24,1643221,101165,20182,641
US,2020-05-25,1662142,101762,18921,597
US,2020-05-26,1680822,102418,18680,656
US,2020-05-27,1699736,103896,18914,1478
US,2020-05-28,1720804,104985,21068,1089
US,2020-05-29,1746045,106103,25241,1118
US,2020-05-30,1769183,107053,23138,950
US,2020-05-31,1787471,107674,18288,621
US,2020-06-01,1804735,108445,17264,771
US,2020-06-02,1825945,109428,21210,983
US,2020-06-03,1845244,110437,19299,1009
US,2020-06-04,1873295,111443,28051,1006
US,2020-06-05,1899665,112321,26370,878
US,2020-06-06,1920005,112958,20340,637
US,2020-06-07,1937747,113415,17742,457
US,2020-06-08,1954669,113926,16922,511
US,2020-06-09,1974956,114840,20287,914
US,2020-06-10,1996605,115716,21649,876
US,2020-06-11,2018684,116532,22079,816
US,2020-06-12,2044470,117355,25786,823
US,2020-06-13,2068541,118077,24071,722
US,2020-06-14,2087633,118424,19092,347
US,2020-06-15,2108585,118825,20952,401
US,2020-06-16,2133254,119612,24669,787
US,2020-06-17,2160272,120360,27018,748
US,2020-06-18,2188052,121058,27780,698
US,2020-06-19,2219624,121684,31572,626
US,2020-06-20,2251462,122257,31838,573
US,2020-06-21,2277377,122574,25915,317
US,2020-06-22,2306929,122952,29552,378
US,2020-06-23,2345255,123691,38326,739
US,2020-06-24,2381605,124446,36350,755
US,2020-06-25,2420712,124994,39107,548
US,2020-06-26,2470263,125620,49551,626
US,2020-06-27,2511531,126116,41268,496
US,2020-06-28,2553793,126437,42262,321
US,2020-06-29,2595453,126806,41660,369
US,2020-06-30,2644834,127365,49381,559
US,2020-07-01,2694336,128063,49502,698
US,2020-07-02,2748919,128802,54583,739
US,2020-07-03,2800910,129479,51991,677
US,2020-07-04,2846859,129781,45949,302
US,2020-07-05,2900432,130103,53573,322
US,2020-07-06,2943415,130474,42983,371
US,2020-07-07,2999976,131616,56561,1142
US,2020-07-08,3061019,132457,61043,841
US,2020-07-09,3120403,133488,59384,1031
US,2020-07-10,3189184,134304,68781,816
US,2020-07-11,3249920,135058,60736,754
US,2020-07-12,3308741,135531,58821,473
US,2020-07-13,3369741,135966,61000,435
US,2020-07-14,3434802,136862,65061,896
US,2020-07-15,3501136,137827,66334,965
US,2020-07-16,3571488,138788,70352,961
US,2020-07-17,3638142,139703,66654,915
US,2020-07-18,3702858,140585,64716,882
US,2020-07-19,3762022,141061,59164,476
US,2020-07-20,3823143,141590,61121,529
US,2020-07-21,3890313,142686,67170,1096
US,2020-07-22,3958385,143911,68072,1225
US,2020-07-23,4026355,144997,67970,1086
US,2020-07-24,4101767,146091,75412,1094
US,2020-07-25,4164594,147060,62827,969
US,2020-07-26,4221302,147594,56708,534
US,2020-07-27,4281601,148694,60299,1100
US,2020-07-28,4346568,149916,64967,1222
US,2020-07-29,4411309,151356,64741,1440
US,2020-07-30,4479013,152645,67704,1289
US,2020-07-31,4544967,153828,65954,1183
US,2020-08-01,4602692,154947,57725,1119
US,2020-08-02,4650103,155404,47411,457
US,2020-08-03,4690979,155963,40876,559
US,2020-08-04,4752739,157218,61760,1255
US,2020-08-05,4807405,158626,54666,1408
US,2020-08-06,4867038,159807,59633,1181
US,2020-08-07,4928256,161098,61218,1291
US,2020-08-08,4991985,162185,63729,1087
US,2020-08-09,5046784,162757,54799,572
US,2020-08-10,5098696,163274,51912,517
US,2020-08-11,5154940,164371,56244,1097
US,2020-08-12,5210299,165886,55359,1515
US,2020-08-13,5261631,166924,51332,1038
US,2020-08-14,5332364,168233,70733,1309
US,2020-08-15,5384108,169278,51744,1045
US,2020-08-16,5419426,169886,35318,608
US,2020-08-17,5457400,170355,37974,469
US,2020-08-18,5501521,171578,44121,1223
US,2020-08-19,5548013,172865,46492,1287
US,2020-08-20,5592125,173972,44112,1107
US,2020-08-21,5640835,175073,48710,1101
US,2020-08-22,5685450,176052,44615,979
US,2020-08-23,5718421,176547,32971,495
US,2020-08-24,5752257,176989,33836,442
US,2020-08-25,5794041,178223,41784,1234
US,2020-08-26,5836656,179401,42615,1178
US,2020-08-27,5886702,180516,50046,1115
US,2020-08-28,5933625,181457,46923,941
US,2020-08-29,5976819,182440,43194,983
US,2020-08-30,6010429,182889,33610,449
US,2020-08-31,6044292,183383,33863,494
US,2020-09-01,6085900,184444,41608,1061
US,2020-09-02,6126087,185496,40187,1052
US,2020-09-03,6171314,186527,45227,1031
US,2020-09-04,6219579,187506,48265,979
US,2020-09-05,6262484,188326,42905,820
US,2020-09-06,6292673,188766,30189,440
US,2020-09-07,6317536,189086,24863,320
US,2020-09-08,6343946,189554,26410,468
US,2020-09-09,6377211,190659,33265,1105
US,2020-09-10,6416389,191583,39178,924
US,2020-09-11,6461427,192739,45038,1156
US,2020-09-12,6506739,193488,45312,749
US,2020-09-13,6546747,193888,40008,400
US,2020-09-14,6580190,194311,33443,423
US,2020-09-15,6616403,195513,36213,1202
US,2020-09-16,6655372,196468,38969,955
US,2020-09-17,6699814,197334,44442,866
US,2020-09-18,6750986,198294,51172,960
US,2020-09-19,6795605,199005,44619,711
US,2020-09-20,6838335,199275,42730,270
US,2020-09-21,6870637,199688,32302,413
US,2020-09-22,6907804,200723,37167,1035
US,2020-09-23,6949665,201788,41861,1065
US,2020-09-24,6998086,202695,48421,907
US,2020-09-25,7045586,203610,47500,915
US,2020-09-26,7088613,204393,43027,783
US,2020-09-27,7123226,204705,34613,312
US,2020-09-28,7160872,205046,37646,341
US,2020-09-29,7202572,205948,41700,902
US,2020-09-30,7241386,206880,38814,932
US,2020-10-01,7287686,207796,46300,916
US,2020-10-02,7340938,208637,53252,841
US,2020-10-03,7390092,209323,49154,686
US,2020-10-04,7423146,209692,33054,369
US,2020-10-05,7460603,210174,37457,482
US,2020-10-06,7504844,210875,44241,701
US,2020-10-07,7554204,211794,49360,919
US,2020-10-08,7611984,212776,57780,982
US,2020-10-09,7667267,213749,55283,973
US,2020-10-10,7722362,214409,55095,660
US,2020-10-11,7768566,214876,46204,467
US,2020-10-12,7812370,215274,43804,398
US,2020-10-13,7861951,216051,49581,777
US,2020-10-14,7919810,217050,57859,999
US,2020-10-15,7984049,217895,64239,845
US,2020-10-16,8053278,218838,69229,943
US,2020-10-17,8108133,219658,54855,820
US,2020-10-18,8160353,220121,52220,463
US,2020-10-19,8228989,220611,68636,490
US,2020-10-20,8290798,221548,61809,937
US,2020-10-21,8351531,222722,60733,1174
US,2020-10-22,8430026,223579,78495,857
US,2020-10-23,8512576,224529,82550,950
US,2020-10-24,8590037,225492,77461,963
US,2020-10-25,8651755,225950,61718,458
US,2020-10-26,8716728,226472,64973,522
US,2020-10-27,8793494,227483,76766,1011
US,2020-10-28,8879304,228517,85810,1034
US,2020-10-29,8970749,229520,91445,1003
US,2020-10-30,9070720,230584,99971,1064
US,2020-10-31,9159381,231515,88661,931
US,2020-11-01,9235654,232018,76273,503
US,2020-11-02,9318498,232575,82844,557
US,2020-11-03,9442028,234172,123530,1597
US,2020-11-04,9542644,235292,100616,1120
US,2020-11-05,9671019,236457,128375,1165
US,2020-11-06,9795979,237671,124960,1214
US,2020-11-07,9924442,238788,128463,1117
US,2020-11-08,10042342,239351,117900,563
US,2020-11-09,10162905,240110,120563,759
US,2020-11-10,10298179,241526,135274,1416
US,2020-11-11,10444840,242969,146661,1443
US,2020-11-12,10604132,244173,159292,1204
US,2020-11-13,10782248,245373,178116,1200
US,2020-11-14,10947498,246746,165250,1373
US,2020-11-15,11086437,247534,138939,788
US,2020-11-16,11242778,248348,156341,814
US,2020-11-17,11405374,250057,162596,1709
US,2020-11-18,11577576,251999,172202,1942
US,2020-11-19,11769680,254041,192104,2042
US,2020-11-20,11970627,255990,200947,1949
US,2020-11-21,12151786,257628,181159,1638
US,2020-11-22,12297838,258689,146052,1061
US,2020-11-23,12480940,259762,183102,1073
US,2020-11-24,12653574,261898,172634,2136
US,2020-11-25,12833762,264151,180188,2253
US,2020-11-26,12950361,265554,116599,1403
US,2020-11-27,13163949,267106,213588,1552
US,2020-11-28,13334271,268464,170322,1358
US,2020-11-29,13472273,269515,138002,1051
US,2020-11-30,13629643,270827,157370,1312
US,2020-12-01,13825610,273379,195967,2552
US,2020-12-02,14022717,276209,197107,2830
US,2020-12-03,14242291,279178,219574,2969
US,2020-12-04,14476939,281790,234648,2612
US,2020-12-05,14700866,284180,223927,2390
US,2020-12-06,14879149,285583,178283,1403
US,2020-12-07,15075701,287142,196552,1559
US,2020-12-08,15300199,289725,224498,2583
US,2020-12-09,15520812,292906,220613,3181
US,2020-12-10,15754943,295892,234131,2986
US,2020-12-11,15995388,299273,240445,3381
US,2020-12-12,16217826,301806,222438,2533
US,2020-12-13,16409655,303465,191829,1659
US,2020-12-14,16621674,305114,212019,1649
US,2020-12-15,16844857,308101,223183,2987
US,2020-12-16,17081639,311834,236782,3733
US,2020-12-17,17320602,315284,238963,3450
US,2020-12-18,17571084,318226,250482,2942
US,2020-12-19,17769865,320980,198781,2754
US,2020-12-20,17963277,322749,193412,1769
US,2020-12-21,18164176,324546,200899,1797
US,2020-12-22,18367614,327844,203438,3298
US,2020-12-23,18590121,331223,222507,3379
US,2020-12-24,18801631,334145,211510,2922
US,2020-12-25,18922332,335650,120701,1505
US,2020-12-26,19149303,337563,226971,1913
US,2020-12-27,19285070,339001,135767,1438
US,2020-12-28,19458662,340878,173592,1877
US,2020-12-29,19661234,344494,202572,3616
US,2020-12-30,19881129,348427,219895,3933
US,2020-12-31,20193136,351754,312007,3327
US,2021-01-01,20365512,353948,172376,2194
US,2021-01-02,20647879,356547,282367,2599
US,2021-01-03,20851885,357984,204006,1437
US,2021-01-04,21037391,359964,185506,1980
US,2021-01-05,21267192,363568,229801,3604
US,2021-01-06,21527396,367492,260204,3924
US,2021-01-07,21815251,371520,287855,4028
US,2021-01-08,22119738,375709,304487,4189
US,2021-01-09,22383176,378965,263438,3256
US,2021-01-10,22596102,381069,212926,2104
US,2021-01-11,22799721,382906,203619,1837
US,2021-01-12,23020189,387295,220468,4389
US,2021-01-13,23249967,391313,229778,4018
US,2021-01-14,23484402,395105,234435,3792
US,2021-01-15,23732314,398917,247912,3812
US,2021-01-16,23947844,402494,215530,3577
US,2021-01-17,24126371,404485,178527,1991
US,2021-01-18,24267933,406050,141562,1565
US,2021-01-19,24422409,408451,154476,2401
US,2021-01-20,24610938,412893,188529,4442
US,2021-01-21,24802283,417030,191345,4137
US,2021-01-22,24995517,420807,193234,3777
US,2021-01-23,25173351,424363,177834,3556
US,2021-01-24,25314780,426221,141429,1858
US,2021-01-25,25444192,427991,129412,1770
US,2021-01-26,25594038,431973,149846,3982
US,2021-01-27,25750176,436101,156138,4128
US,2021-01-28,25914775,439951,164599,3850
US,2021-01-29,26081768,443550,166993,3599
US,2021-01-30,26231480,446451,149712,2901
US,2021-01-31,26345307,448408,113827,1957
US,2021-02-01,26470189,450185,124882,1777
US,2021-02-02,26588038,453718,117849,3533
US,2021-02-03,26710908,457635,122870,3917
US,2021-02-04,26836212,461519,125304,3884
US,2021-02-05,26967771,465193,131559,3674
US,2021-02-06,27084115,467930,116344,2737
US,2021-02-07,27174591,469407,90476,1477
US,2021-02-08,27257356,470858,82765,1451
US,2021-02-09,27351521,473923,94165,3065
US,2021-02-10,27447508,477330,95987,3407
US,2021-02-11,27553517,480521,106009,3191
US,2021-02-12,27654433,483405,100916,2884
US,2021-02-13,27745350,485701,90917,2296
US,2021-02-14,27813745,486899,68395,1198
US,2021-02-15,27869468,487848,55723,949
US,2021-02-16,27928493,489492,59025,1644
US,2021-02-17,27997165,491938,68672,2446
US,2021-02-18,28069332,494545,72167,2607
US,2021-02-19,28144844,497080,75512,2535
US,2021-02-20,28218623,499013,73779,1933
US,2021-02-21,28274157,500240,55534,1227
US,2021-02-22,28329496,501441,55339,1201
US,2021-02-23,28402730,503717,73234,2276
US,2021-02-24,28477495,506981,74765,3264
US,2021-02-25,28555092,509411,77597,2430
US,2021-02-26,28630981,511566,75889,2155
US,2021-02-27,28702236,513087,71255,1521
US,2021-02-28,28754262,514194,52026,1107
US,2021-03-01,28804789,515513,50527,1319
US,2021-03-02,28862299,517446,57510,1933
US,2021-03-03,28929636,520027,67337,2581
US,2021-03-04,28998519,521979,68883,1952
US,2021-03-05,29066646,523702,68127,1723
US,2021-03-06,29127786,525233,61140,1531
US,2021-03-07,29169928,525944,42142,711
US,2021-03-08,29213301,526649,43373,705
US,2021-03-09,29268786,528433,55485,1784
US,2021-03-10,29326308,530005,57522,1572
US,2021-03-11,29388239,531579,61931,1574
US,2021-03-12,29451302,533010,63063,1431
US,2021-03-13,29506700,534007,55398,997
US,2021-03-14,29545324,534539,38624,532
US,2021-03-15,29598477,535239,53153,700
US,2021-03-16,29651973,536500,53496,1261
US,2021-03-17,29712021,537717,60048,1217
US,2021-03-18,29773662,539365,61641,1648
US,2021-03-19,29835373,540411,61711,1046
US,2021-03-20,29893530,541184,58157,773
US,2021-03-21,29928150,541974,34620,790
US,2021-03-22,29977222,542507,49072,533
US,2021-03-23,30030393,543452,53171,945
US,2021-03-24,30117867,544987,87474,1535
US,2021-03-25,30185884,546345,68017,1358
US,2021-03-26,30262078,547513,76194,1168
US,2021-03-27,30325421,548327,63343,814
US,2021-03-28,30370919,548777,45498,450
US,2021-03-29,30438315,549431,67396,654
US,2021-03-30,30499680,550356,61365,925
US,2021-03-31,30568663,551457,68983,1101
US,2021-04-01,30646086,552580,77423,1123
US,2021-04-02,30719088,553481,73002,901
US,2021-04-03,30783136,554252,64048,771
US,2021-04-04,30820492,554555,37356,303
US,2021-04-05,30889921,555012,69429,457
US,2021-04-06,30952467,555876,62546,864
US,2021-04-07,31028154,558470,75687,2594
US,2021-04-08,31108612,559513,80458,1043
US,2021-04-09,31193057,560423,84445,910
US,2021-04-10,31262884,561147,69827,724
US,2021-04-11,31309669,561432,46785,285
US,2021-04-12,31373286,561884,63617,452
US,2021-04-13,31454510,562761,81224,877
US,2021-04-14,31529534,563697,75024,936
US,2021-04-15,31603657,564602,74123,905
US,2021-04-16,31684335,565463,80678,861
US,2021-04-17,31739204,566172,54869,709
US,2021-04-18,31782481,566501,43277,329
US,2021-04-19,31845373,567005,62892,504
US,2021-04-20,31907509,567852,62136,847
US,2021-04-21,31971756,568741,64247,889
US,2021-04-22,32038657,569686,66901,945
US,2021-04-23,32101848,570448,63191,762
US,2021-04-24,32156139,571212,54291,764
US,2021-04-25,32190280,571506,34141,294
US,2021-04-26,32233412,571979,43132,473
US,2021-04-27,32285764,572655,52352,676
US,2021-04-28,32340909,573650,55145,995
US,2021-04-29,32399772,574543,58863,893
US,2021-04-30,32457773,575351,58001,808
US,2021-05-01,32506036,576096,48263,745
US,2021-05-02,32536104,576417,30068,321
US,2021-05-03,32581978,576890,45874,473
US,2021-05-04,32624543,577802,42565,912
US,2021-05-05,32670321,578615,45778,813
US,2021-05-06,32716920,579442,46599,827
US,2021-05-07,32765098,580266,48178,824
US,2021-05-08,32800253,580901,35155,635
US,2021-05-09,32822744,581140,22491,239
US,2021-05-10,32855935,581539,33191,399
US,2021-05-11,32891139,582239,35204,700
US,2021-05-12,32927060,583037,35921,798
US,2021-05-13,32965947,583827,38887,790
US,2021-05-14,33007994,584459,42047,632
US,2021-05-15,33038391,584988,30397,529
US,2021-05-16,33055822,585252,17431,264
US,2021-05-17,33081643,585646,25821,394
US,2021-05-18,33110429,586426,28786,780
US,2021-05-19,33139930,587110,29501,684
US,2021-05-20,33170029,587794,30099,684
US,2021-05-21,33198719,588429,28690,635
US,2021-05-22,33219664,588913,20945,484
US,2021-05-23,33233194,589103,13530,190
US,2021-05-24,33255450,589541,22256,438
US,2021-05-25,33279976,590189,24526,648
US,2021-05-26,33304497,591166,24521,977
US,2021-05-27,33331333,592521,26836,1355
US,2021-05-28,33353563,593061,22230,540
US,2021-05-29,33366712,593411,13149,350
US,2021-05-30,33373898,593560,7186,149
US,2021-05-31,33379975,593722,6077,162
US,2021-06-01,33400953,594361,20978,639
US,2021-06-02,33417651,594925,16698,564
US,2021-06-03,33436020,595564,18369,639
US,2021-06-04,33453828,596091,17808,527
US,2021-06-05,33469274,596672,15446,581
US,2021-06-06,33475196,596836,5922,164
US,2021-06-07,33489354,597142,14158,306
US,2021-06-08,33502300,597473,12946,331
US,2021-06-09,33520841,597953,18541,480
US,2021-06-10,33535768,598371,14927,418
US,2021-06-11,33560769,598910,25001,539
US,2021-06-12,33569812,599186,9043,276
US,2021-06-13,33574996,599290,5184,104
US,2021-06-14,33586539,599470,11543,180
US,2021-06-15,33597403,599804,10864,334
US,2021-06-16,33609276,600187,11873,383
US,2021-06-17,33620871,600504,11595,317
US,2021-06-18,33642152,601118,21281,614
US,2021-06-19,33651083,601297,8931,179
US,2021-06-20,33655922,601370,4839,73
US,2021-06-21,33666589,601628,10667,258
US,2021-06-22,33677269,601979,10680,351
US,2021-06-23,33689889,602378,12620,399
US,2021-06-24,33704204,602718,14315,340
US,2021-06-25,33728592,603241,24388,523
US,2021-06-26,33737907,603401,9315,160
US,2021-06-27,33742431,603474,4524,73
US,2021-06-28,33756086,603620,13655,146
US,2021-06-29,33763097,603957,7011,337
US,2021-06-30,33778276,604252,15179,295
US,2021-07-01,33793283,604538,15007,286
US,2021-07-02,33822975,604973,29692,435
US,2021-07-03,33828125,605063,5150,90
US,2021-07-04,33832223,605104,4098,41
US,2021-07-05,33840936,605228,8713,124
US,2021-07-06,33863686,605529,22750,301
US,2021-07-07,33883775,605850,20089,321
US,2021-07-08,33904558,606098,20783,248
US,2021-07-09,33952135,606560,47577,462
US,2021-07-10,33961864,606646,9729,86
US,2021-07-11,33973387,606760,11523,114
US,2021-07-12,34003405,606991,30018,231
US,2021-07-13,34029723,607350,26318,359
US,2021-07-14,34060951,607683,31228,333
US,2021-07-15,34092713,608009,31762,326
US,2021-07-16,34170043,608367,77330,358
US,2021-07-17,34183537,608442,13494,75
US,2021-07-18,34204125,608620,20588,178
US,2021-07-19,34253905,608807,49780,187
US,2021-07-20,34293288,609099,39383,292
US,2021-07-21,34340881,609451,47593,352
US,2021-07-22,34397273,609745,56392,294
US,2021-07-23,34518040,610305,120767,560
US,2021-07-24,34545535,610427,27495,122
US,2021-07-25,34572628,610514,27093,87
US,2021-07-26,34653459,610774,80831,260
US,2021-07-27,34718272,611224,64813,450
US,2021-07-28,34791412,611605,73140,381
US,2021-07-29,34864239,611932,72827,327
US,2021-07-30,35054812,612805,190573,873
US,2021-07-31,35096721,612964,41909,159
US,2021-08-01,35139598,613180,42877,216
US,2021-08-02,35251998,613532,112400,352
US,2021-08-03,35348716,614116,96718,584
US,2021-08-04,35451678,614649,102962,533
US,2021-08-05,35560765,615153,109087,504
US,2021-08-06,35812050,616307,251285,1154
US,2021-08-07,35872501,616559,60451,252
US,2021-08-08,35905201,616677,32700,118
US,2021-08-09,36070636,617175,165435,498
US,2021-08-10,36187828,618041,117192,866
US,2021-08-11,36340798,618820,152970,779
US,2021-08-12,36485744,619832,144946,1012
US,2021-08-13,36711689,620888,225945,1056
US,2021-08-14,36779935,621150,68246,262
US,2021-08-15,36823969,621335,44034,185
US,2021-08-16,37027767,622372,203798,1037
US,2021-08-17,37176572,623401,148805,1029
US,2021-08-18,37343138,624576,166566,1175
US,2021-08-19,37497512,626357,154374,1781
US,2021-08-20,37737515,627837,240003,1480
US,2021-08-21,37820006,628389,82491,552
US,2021-08-22,37860153,628569,40147,180
US,2021-08-23,38083171,629930,223018,1361
US,2021-08-24,38238235,631352,155064,1422
US,2021-08-25,38410653,632842,172418,1490
US,2021-08-26,38598306,635063,187653,2221
US,2021-08-27,38836759,636786,238453,1723
US,2021-08-28,38909635,637419,72876,633
US,2021-08-29,38955241,637708,45606,289
US,2021-08-30,39194754,639441,239513,1733
US,2021-08-31,39375000,640884,180246,1443
US,2021-09-01,39571631,642918,196631,2034
US,2021-09-02,39747472,645871,175841,2953
US,2021-09-03,39984773,647840,237301,1969
US,2021-09-04,40061889,648475,77116,635
US,2021-09-05,40114108,648871,52219,396
US,2021-09-06,40194633,649470,80525,599
US,2021-09-07,40436859,651550,242226,2080
US,2021-09-08,40614759,653829,177900,2279
US,2021-09-09,40780170,657113,165411,3284
US,2021-09-10,41012435,659543,232265,2430
US,2021-09-11,41090540,660336,78105,793
US,2021-09-12,41135451,660672,44911,336
US,2021-09-13,41370662,662828,235211,2156
US,2021-09-14,41513312,664758,142650,1930
US,2021-09-15,41689632,667524,176320,2766
US,2021-09-16,41846554,670985,156922,3461
US,2021-09-17,42057136,673431,210582,2446
US,2021-09-18,42128437,674395,71301,964
US,2021-09-19,42171609,674742,43172,347
US,2021-09-20,42350868,677028,179259,2286
US,2021-09-21,42467912,679383,117044,2355
US,2021-09-22,42604495,682229,136583,2846
US,2021-09-23,42732053,685496,127558,3267
US,2021-09-24,42908587,687980,176534,2484
US,2021-09-25,42967561,688770,58974,790
US,2021-09-26,43019802,689319,52241,549
US,2021-09-27,43179552,691623,159750,2304
US,2021-09-28,43292252,694185,112700,2562
US,2021-09-29,43413188,696798,120936,2613
US,2021-09-30,43524513,699596,111325,2798
US,2021-10-01,43679111,701733,154598,2137
US,2021-10-02,43726103,702527,46992,794
US,2021-10-03,43769694,703026,43591,499
US,2021-10-04,43915143,704986,145449,1960
US,2021-10-05,44010507,706893,95364,1907
US,2021-10-06,44123475,709524,112968,2631
US,2021-10-07,44224922,712004,101447,2480
US,2021-10-08,44356634,713838,131712,1834
US,2021-10-09,44394327,714261,37693,423
US,2021-10-10,44433229,714729,38902,468
US,2021-10-11,44530708,715831,97479,1102
US,2021-10-12,44641837,718184,111129,2353
US,2021-10-13,44750676,721411,108839,3227
US,2021-10-14,44837651,723554,86975,2143
US,2021-10-15,44947486,725381,109835,1827
US,2021-10-16,44986715,725907,39229,526
US,2021-10-17,45017786,726361,31071,454
US,2021-10-18,45117800,728105,100014,1744
US,2021-10-19,45199073,730243,81273,2138
US,2021-10-20,45291007,733446,91934,3203
US,2021-10-21,45368913,735434,77906,1988
US,2021-10-22,45465285,737331,96372,1897
US,2021-10-23,45497110,737871,31825,540
US,2021-10-24,45515670,738116,18560,245
US,2021-10-25,45626783,739530,111113,1414
US,2021-10-26,45695992,741148,69209,1618
US,2021-10-27,45798357,743226,102365,2078
US,2021-10-28,45874099,745069,75742,1843
US,2021-10-29,45969217,746806,95118,1737
US,2021-10-30,46003072,747170,33855,364
US,2021-10-31,46035090,747403,32018,233
US,2021-11-01,46146553,748653,111463,1250
US,2021-11-02,46217501,749938,70948,1285
US,2021-11-03,46302844,751905,85343,1967
US,2021-11-04,46384567,753115,81723,1210
US,2021-11-05,46481246,755239,96679,2124
US,2021-11-06,46515849,755700,34603,461
US,2021-11-07,46552151,755888,36302,188
US,2021-11-08,46661178,757104,109027,1216
US,2021-11-09,46741136,758591,79958,1487
US,2021-11-10,46836840,760276,95704,1685
US,2021-11-11,46893502,761136,56662,860
US,2021-11-12,47038316,763627,144814,2491
US,2021-11-13,47081814,764184,43498,557
US,2021-11-14,47113024,764374,31210,190
US,2021-11-15,47247835,765646,134811,1272
US,2021-11-16,47334892,766986,87057,1340
US,2021-11-17,47447575,768671,112683,1685
US,2021-11-18,47557751,769998,110176,1327
US,2021-11-19,47684660,771806,126909,1808
US,2021-11-20,47729452,772256,44792,450
US,2021-11-21,47768682,772455,39230,199
US,2021-11-22,47914330,773693,145648,1238
US,2021-11-23,48005609,775072,91279,1379
US,2021-11-24,48117137,776824,111528,1752
US,2021-11-25,48156190,777292,39053,468
US,2021-11-26,48208884,777660,52694,368
US,2021-11-27,48234877,777971,25993,311
US,2021-11-28,48277371,778199,42494,228
US,2021-11-29,48465081,780124,187710,1925
US,2021-11-30,48582403,781652,117322,1528
US,2021-12-01,48719359,783765,136956,2113
US,2021-12-02,48858566,787672,139207,3907
US,2021-12-03,49017183,789308,158617,1636
US,2021-12-04,49082762,789976,65579,668
US,2021-12-05,49137046,790318,54284,342
US,2021-12-06,49316537,791669,179491,1351
US,2021-12-07,49429775,793374,113238,1705
US,2021-12-08,49579447,795198,149672,1824
US,2021-12-09,49701905,796730,122458,1532
US,2021-12-10,49862606,798567,160701,1837
US,2021-12-11,49918462,799163,55856,596
US,2021-12-12,49969788,799494,51326,331
US,2021-12-13,50156869,800895,187081,1401
US,2021-12-14,50271693,802418,114824,1523
US,2021-12-15,50415278,804709,143585,2291
US,2021-12-16,50556922,805985,141644,1276
US,2021-12-17,50749762,807843,192840,1858
US,2021-12-18,50827605,808486,77843,643
US,2021-12-19,50915531,808753,87926,267
US,2021-12-20,51158095,810322,242564,1569
US,2021-12-21,51336849,812292,178754,1970
US,2021-12-22,51578360,814434,241511,2142
US,2021-12-23,51848868,817931,270508,3497
US,2021-12-24,52092935,818622,244067,691
US,2021-12-25,52175782,818832,82847,210
US,2021-12-26,52352671,819029,176889,197
US,2021-12-27,52861752,820921,509081,1892
US,2021-12-28,53218549,823325,356797,2404
US,2021-12-29,53718001,825643,499452,2318
US,2021-12-30,54307432,827184,589431,1541
US,2021-12-31,54810020,827893,502588,709
US,2022-01-01,54991242,828278,181222,385
US,2022-01-02,55269297,828633,278055,355
US,2022-01-03,56345482,830477,1076185,1844
US,2022-01-04,57151319,832786,805837,2309
US,2022-01-05,57796318,834929,644999,2143
US,2022-01-06,58611405,836933,815087,2004
US,2022-01-07,59467773,839296,856368,2363
US,2022-01-08,59853999,840101,386226,805
US,2022-01-09,60329998,840646,475999,545
US,2022-01-10,61698165,842623,1368167,1977
US,2022-01-11,62467629,845055,769464,2432
US,2022-01-12,63377110,847968,909481,2913
US,2022-01-13,64217715,850293,840605,2325
US,2022-01-14,65077242,852823,859527,2530
US,2022-01-15,65471628,853771,394386,948
US,2022-01-16,65939962,854482,468334,711
US,2022-01-17,66601597,855483,661635,1001
US,2022-01-18,67714789,858074,1113192,2591
US,2022-01-19,68713434,862025,998645,3951
US,2022-01-20,69424455,864751,711021,2726
US,2022-01-21,70247445,867993,822990,3242
US,2022-01-22,70534163,868951,286718,958
US,2022-01-23,70890394,869628,356231,677
US,2022-01-24,71793612,871731,903218,2103
US,2022-01-25,72271733,874845,478121,3114
US,2022-01-26,73000609,879016,728876,4171
US,2022-01-27,73489028,881478,488419,2462
US,2022-01-28,74090537,885445,601509,3967
US,2022-01-29,74260076,886590,169539,1145
US,2022-01-30,74452942,886992,192866,402
US,2022-01-31,74984166,889490,531224,2498
US,2022-02-01,75398697,893214,414531,3724
US,2022-02-02,75725835,896862,327138,3648
US,2022-02-03,75979161,899191,253326,2329
US,2022-02-04,76350319,903410,371158,4219
US,2022-02-05,76454925,904336,104606,926
US,2022-02-06,76535524,904766,80599,430
US,2022-02-07,76874772,907727,339248,2961
US,2022-02-08,77097743,910686,222971,2959
US,2022-02-09,77286583,914166,188840,3480
US,2022-02-10,77458693,917378,172110,3212
US,2022-02-11,77669212,920024,210519,2646
US,2022-02-12,77724643,920871,55431,847
US,2022-02-13,77781653,921344,57010,473
US,2022-02-14,77946346,924147,164693,2803
US,2022-02-15,78062381,926768,116035,2621
US,2022-02-16,78178492,929877,116111,3109
US,2022-02-17,78280553,933121,102061,3244
US,2022-02-18,78426873,935595,146320,2474
US,2022-02-19,78460557,936244,33684,649
US,2022-02-20,78482689,936642,22132,398
US,2022-02-21,78563844,937500,81155,858
US,2022-02-22,78655041,939613,91197,2113
US,2022-02-23,78738942,942443,83901,2830
US,2022-02-24,78806291,945385,67349,2942
US,2022-02-25,78881159,947659,74868,2274
US,2022-02-26,78929797,948457,48638,798
US,2022-02-27,78947866,948639,18069,182
US,2022-02-28,79044330,950732,96464,2093
US,2022-03-01,79091361,952423,47031,1691
